file,size_mb,tasks,unique_task_ids,new_vs_previous,contains_previous
project-1-at-2026-05-19-02-14-66b32a99.json,45.49,3583,3583,3583,
project-1-at-2026-05-19-02-30-a7ea9edc.json,46.19,3598,3598,15,True
project-1-at-2026-05-19-02-40-27eaf957.json,46.94,3613,3613,15,True
project-1-at-2026-05-19-03-03-1d8ef200.json,47.76,3628,3628,15,True
project-1-at-2026-05-19-03-05-578140b7.json,48.47,3643,3643,15,True
project-1-at-2026-05-19-04-14-ef170eef.json,49.04,3654,3654,11,True
project-1-at-2026-05-19-05-54-186dcedb.json,49.65,3665,3665,11,True
project-1-at-2026-05-19-06-02-56b1befb.json,50.14,3675,3675,10,True
project-1-at-2026-05-19-06-10-152b4d0d.json,50.77,3685,3685,10,True
project-1-at-2026-05-19-06-21-0dedc144.json,51.29,3695,3695,10,True
project-1-at-2026-05-19-07-38-d1daa5dd.json,51.84,3707,3707,12,True
project-1-at-2026-05-19-07-45-c25af092.json,52.4,3719,3719,12,True
project-1-at-2026-05-19-07-55-30513816.json,53.12,3731,3731,12,True
project-1-at-2026-05-19-08-03-207b64fa.json,53.75,3742,3742,11,True
project-1-at-2026-05-19-08-10-28b5dbce.json,54.31,3753,3753,11,True
project-1-at-2026-05-20-02-57-883eb4bc.json,55.3,3771,3771,18,True
project-1-at-2026-05-20-03-14-bfd5082b.json,56.09,3789,3789,18,True
project-1-at-2026-05-20-05-25-33f2af43.json,56.84,3806,3806,17,True
project-1-at-2026-05-20-06-09-6da74160.json,57.51,3823,3823,17,True
project-1-at-2026-05-20-06-24-eeec792a.json,58.35,3841,3841,18,True
project-1-at-2026-05-20-07-01-e88df5ba.json,59.28,3859,3859,18,True
project-1-at-2026-05-20-07-50-7df8ce0b.json,60.12,3876,3876,17,True
project-1-at-2026-05-20-08-14-e54947d3.json,60.97,3893,3893,17,True
project-1-at-2026-05-21-01-04-f35e219b.json,61.74,3909,3909,16,True
project-1-at-2026-05-21-01-45-6dfa4ce9.json,62.53,3927,3927,18,True
project-1-at-2026-05-21-02-52-d6b03b38.json,63.3,3944,3944,17,True
project-1-at-2026-05-21-06-17-203caed5.json,64.31,3961,3961,17,True
